eng:ka --> egy:kȝ
eng:Ka'ba --> ara:الكعبة‎
eng:kabaka --> lug:akabaka
eng:kabbalistically --> eng:kabbalistic
eng:kabocha --> jpn:カボチャ
eng:kaboom --> eng:boom --> nld:boom --> dum:boom --> odt:bom
eng:kabuki --> jpn:歌舞伎
eng:Kabuki --> jpn:歌舞伎
eng:kachina --> hop:qatsina
eng:kaddish --> heb:קדיש --> aii:קדיש
eng:Kadima --> heb:קדימה‎
eng:Kafkaesque --> eng:Kafka
eng:Kafkian --> eng:Kafka
eng:kagok --> kor:가곡
eng:Kagyu --> bod:བཀའ་བརྒྱུད
eng:Kählerian --> eng:Kähler
eng:kaibun --> jpn:回文
eng:Kailasa --> san:कैलास
eng:kailyard --> eng:kail
eng:kainahineri --> jpn:''[[two-handed]] [[arm]] [[twist]] [[down]]''
eng:kainic acid --> jpn:海人草
eng:Kaiser --> deu:Kaiser --> goh:keisar --> lat:Caesar
eng:kaj --> xcl:քաջ
eng:kaji --> kat:ქაჯი --> xcl:քաջ
eng:kaka --> mri:kākā
eng:kakapo --> mri:kākāpō
eng:kakegoe --> jpn:掛け声
eng:kakemono --> jpn:掛け物
eng:kakenage --> jpn:''[[hooking]] [[inner]] [[thigh]] [[throw]]''
eng:kakezori --> jpn:''[[hooking]] [[backwards]] [[body]] [[drop]]''
eng:kaki --> jpn:柿
eng:kakiemon --> jpn:柿右衛門
eng:kakistocracy --> grc:κάκιστος
eng:kakke --> jpn:脚気
eng:Kalahari --> tsn:Kgalagadi --> tsn:kgala
eng:kalam --> ara:كلام
eng:Kalamazooan --> eng:Kalamazoo
eng:kalamkari --> tel:కలంకారి
eng:kalarippayattu --> mal:കളരിപ്പയറ്റ്
eng:kalbi --> kor:갈비
eng:kale --> enm:cawul
eng:Kaleb --> heb:כלב
eng:kaleidoscopelike --> eng:kaleidoscope
eng:kaleidoscopic --> eng:kaleidoscope
eng:Kalevala --> fin:Kalevala --> fin:Kaleva
eng:kalima --> ara:كلمة
eng:Kalinin --> rus:калина
eng:kalium --> lat:kalium
eng:Kallikantzaros --> ell:καλλικάντζαρος
eng:kalokagathia --> grc:καλοκαγαθία --> grc:καλοκάγαθος
eng:kalsomine --> lat:calcis
eng:kalua --> haw:kālua
eng:kama --> jpn:鎌
eng:Kamadeva --> san:कामदेव
eng:kamancheh --> fas:کمانچه
eng:Kamasutra --> san:कामसूत्र
eng:Kamboj --> hin:कम्बोज
eng:Kamchatka --> rus:Камчатка
eng:Kamchatkan --> eng:Kamchatka --> rus:Камчатка
eng:kamchatkite --> eng:Kamchatka --> rus:Камчатка
eng:kamikaze --> jpn:神風
eng:Kamilaroi --> kld:Gamilaraay
eng:kamishibai --> jpn:紙芝居
eng:kampong --> msa:kampung
eng:Kampuchea --> khm:កម្ពុជា
eng:kampung --> msa:kampung
eng:kana --> jpn:仮名
eng:Kandahar --> pus:کندهار
eng:Kandinskian --> eng:Kandinsky
eng:Kangar --> msa:Kangar
eng:kangaroo --> kky:gangurru
eng:kangaroolike --> eng:kangaroo --> kky:gangurru
eng:kanoon --> tur:kanun --> ara:قانون --> grc:κανών
eng:Kansan --> eng:Kansas
eng:kantar --> ara:قنطار --> lat:centenarius --> lat:centum
eng:kantele --> fin:kantele
eng:Kantian --> eng:Kant
eng:kaolin --> cmn:高陵
eng:kaolinize --> eng:kaolin --> cmn:高陵
eng:kaonic --> eng:kaon
eng:kapo --> deu:Kapo --> ita:capo --> lat:caput
eng:kapok --> msa:kapuk
eng:kappa --> grc:κάππα
eng:kapu --> haw:kapu
eng:kaput --> deu:kaputt --> fra:capot
eng:Kara --> kor:加耶
eng:Karabakh --> rus:Карабах
eng:Karagiozis --> ell:Καραγκιόζης --> tur:Karagöz --> tur:göz
eng:Karaism --> heb:יהדות קראית
eng:Karaj --> fas:کرج
eng:karaoke --> jpn:カラオケ
eng:karateist --> eng:karate
eng:karateka --> jpn:空手家
eng:karatelike --> eng:karate
eng:Kardashian --> hye:Քարտաշյան --> hye:քարտաշ --> hye:տաշել
eng:Karelianism --> eng:Karelian
eng:Karen --> dan:Karen
eng:Karin --> swe:Karin
eng:Karloffian --> eng:Karloff
eng:Karlsson --> swe:Karlsson
eng:karmaless --> eng:karma
eng:Karna --> san:कर्ण
eng:karoshi --> jpn:過労死
eng:Kars --> tur:Kars --> hye:Կարս
eng:Karst --> deu:Karst
eng:karstenite --> eng:Karsten
eng:karstic --> eng:karst
eng:Kartika --> san:कार्तिक
eng:Kartveli --> kat:ქართველი
eng:karyo- --> grc:κάρυον
eng:karyoclasis
eng:karyoclastic --> eng:clastic --> grc:κλαστός --> grc:κλάω
eng:karyocyte
eng:karyoevolution --> eng:evolution --> lat:evolutio --> lat:evolutus
eng:karyogamic
eng:karyogamy
eng:karyogenesis --> eng:genesis --> lat:genesis --> grc:γένεσις
eng:karyogenic
eng:karyolymph --> eng:lymph --> lat:lympha --> grc:νύμφη
eng:karyolysis
eng:karyolytic
eng:karyomegalic
eng:karyomegaly
eng:karyomere
eng:karyomeric
eng:karyoplast
eng:karyotype --> rus:кариотип
eng:karyotypically --> eng:karyotypic
eng:Kasbarian --> hye:Գասպարյան --> hye:Գասպար
eng:Kasbaryan --> hye:Գասպարյան --> hye:Գասպար
eng:Kashaya --> kju:Kashaya
eng:Kashgar --> uig:قەشقەر
eng:Kashi --> cmn:喀什
eng:kashida --> fas:کشیده
eng:Kashiwabara --> jpn:柏原
eng:kashrut --> heb:כשרות
eng:Kashubian --> eng:Kashube
eng:Kasparian --> hye:Գասպարյան --> hye:Գասպար
eng:Kasparovian --> eng:Kasparov
eng:Kasparyan --> hye:Գասպարյան --> hye:Գասպար
eng:kasra --> ara:كسرة
eng:kasseri --> ell:κασέρι --> tur:kaşar
eng:kast --> nld:kast
eng:kastom --> tpi:kastom --> eng:custom --> enm:custume --> xno:custume --> fro:coustume --> lat:consuetudo --> lat:consuesco
eng:kata --> grc:κατά --> grc:πάλλω
eng:katabasis --> grc:κατάβασις
eng:kataifi --> ota:قطائف --> ara:قطائف
eng:katakana --> jpn:片仮名
eng:katara --> hin:कटार
eng:katasukashi --> jpn:''[[under]]-[[shoulder]] [[swing]] [[down]]''
eng:Katharevousa --> ell:καθαρεύουσα
eng:kathoey --> tha:กะเทย
eng:katorga --> rus:каторга --> grc:κάτεργον --> grc:κάτεργος
eng:katsura --> jpn:カツラ
eng:Kauai --> haw:Kauaʻi
eng:kava --> ton:kava
eng:kavain --> eng:kava --> ton:kava
eng:Kavala --> ell:Καβάλα
eng:kavalactone --> eng:kava --> ton:kava
eng:kavya --> san:काव्य --> san:कवि
eng:kawaii --> jpn:かわいい
eng:kawaiily --> eng:kawaii --> jpn:かわいい
eng:kawazugake --> jpn:''[[hooking]] [[backward]] [[counter]] [[throw]]''
eng:kayak --> ikt:ᖃᔭᖅ
eng:kaymak --> tur:kaymak
eng:kazachok --> ukr:казачок
eng:Kazi --> ara:قاضي --> ara:قض
eng:kazoolike --> eng:kazoo
eng:kea --> mri:kea
eng:Keano --> eng:Keane
eng:Keatonesque --> eng:Keaton
eng:Keatsian --> eng:Keats
eng:kebab --> tur:kebap --> ara:كباب
eng:kebaya --> ara:عباءة
eng:Kedah --> msa:Kedah
eng:keek --> enm:kyken
eng:keel --> enm:kele --> non:kjǫlr
eng:keelboat --> eng:boat --> ang:bat
eng:keeler --> eng:keel --> enm:kele --> non:kjǫlr
eng:keelman --> eng:keel --> enm:kele --> non:kjǫlr
eng:keema --> hin:क़ीमा
eng:keen --> enm:kene --> ang:cene
eng:keenness --> eng:keen --> enm:kene --> ang:cene
eng:keep --> enm:kepen --> ang:cepan
eng:keepable --> eng:keep --> enm:kepen --> ang:cepan
eng:keepalive --> eng:alive --> ang:on live
eng:keeper --> eng:keep --> enm:kepen --> ang:cepan
eng:keepership --> eng:keeper --> eng:keep --> enm:kepen --> ang:cepan
eng:keepeth --> eng:keep --> enm:kepen --> ang:cepan
eng:keeplike --> eng:keep --> enm:kepen --> ang:cepan
eng:keepsake --> eng:keep --> enm:kepen --> ang:cepan
eng:keepsies --> eng:keep --> enm:kepen --> ang:cepan
eng:keffiyeh --> ara:كوفية
eng:keg --> enm:kag --> non:kaggi
eng:kegerator --> eng:keg --> enm:kag --> non:kaggi
eng:kegger --> eng:keg --> enm:kag --> non:kaggi
eng:keglike --> eng:keg --> enm:kag --> non:kaggi
eng:kehillah --> heb:קהילה
eng:keiretsu --> jpn:系列
eng:keirin --> jpn:競輪
eng:Keirseyan --> eng:Keirsey
eng:kekaeshi --> jpn:''[[minor]] [[inner]] [[foot]] [[sweep]]''
eng:Kelantan --> msa:Kelantan
eng:Kelantanese --> eng:Kelantan --> msa:Kelantan
eng:Kellyana --> eng:Kelly
eng:kelpfish --> eng:fish --> ang:fiscian
eng:Kemalist --> eng:Kemal
eng:kemenche --> tur:kemençe --> fas:کمانچه
eng:Kemi --> fin:Kemi
eng:kemp --> enm:kempe --> ang:cenep
eng:kendi --> msa:kendi
eng:kendo --> jpn:剣道
eng:Kennedyesque --> eng:Kennedy
eng:Kennedyism --> eng:Kennedy
eng:kennellike --> eng:kennel
eng:Kennemerland --> nld:Kennemerland --> nld:Kinhem
eng:kennetjie --> afr:kennetjie
eng:kenning --> eng:ken
eng:keno --> fra:quine
eng:kenosis --> grc:κένωσις
eng:Kent --> ang:Cent --> lat:Cantia
eng:Kentish --> eng:Kent --> ang:Cent --> lat:Cantia
eng:kentledge --> fro:quintelage
eng:Kentuckian --> eng:Kentucky
eng:kepi --> fra:képi
eng:Keralan --> eng:Kerala
eng:keratalgia
eng:keratinogenesis --> eng:keratin
eng:kerato- --> grc:κέρας
eng:keratoacanthoma --> eng:acanthoma
eng:keratoangioma --> eng:angioma
eng:keratoatrophoderma --> eng:atrophoderma
eng:keratocele
eng:keratoconjunctivitis --> eng:conjunctivitis
eng:keratoconus --> eng:conus
eng:keratohyalin --> eng:hyalin
eng:keratopathy
eng:keratoprosthesis --> eng:prosthesis
eng:keratoscleritis --> eng:scleritis --> eng:sclera --> grc:σκληρός
eng:keratoscope
eng:keratoscopic
eng:keratoscopy
eng:kerauno- --> grc:κεραυνός
eng:Kerberos --> grc:Κέρβερος
eng:kerbless --> eng:kerb
eng:kerchiefed --> eng:kerchief
eng:kerchunk --> eng:chunk
eng:Keresan --> eng:Keres
eng:kerf --> ang:cyrf
eng:Kernbergian --> eng:Kernberg
eng:kerned --> eng:kern
eng:kernel --> ang:cyrnel
eng:kernelisation --> eng:kernel --> ang:cyrnel
eng:kernelizable --> eng:kernelize
eng:kernelization --> eng:kernel --> ang:cyrnel
eng:kernelled --> eng:kernel --> ang:cyrnel
eng:kernelly --> eng:kernel --> ang:cyrnel
eng:kernish --> eng:kern
eng:kerosenelike --> eng:kerosene
eng:Kerouacian --> eng:Kerouac
eng:kerplop --> eng:plop
eng:kerplunk --> eng:plunk
eng:kerslap --> eng:slap
eng:kersplosh --> eng:splosh
eng:kerwallop --> eng:wallop --> enm:wallopen
eng:kerwham --> eng:wham
eng:kerygma --> grc:κῆρυγμα --> grc:κηρυσσω --> grc:κῆρυξ
eng:kesa --> san:काषाय
eng:kestrel --> enm:castrel --> frm:cresserelle
eng:ketaguri --> jpn:''[[pulling]] [[inside]] [[ankle]] [[sweep]]''
eng:ketchupless --> eng:ketchup
eng:ketchuplike --> eng:ketchup
eng:ketchuppy --> eng:ketchup
eng:ketoic --> eng:ketoid
eng:ketol --> eng:indol
eng:ketone --> deu:keton --> deu:Aketon --> fra:acétone --> lat:acetum --> lat:aceo
eng:ketotestosterone --> eng:testosterone
eng:kettle --> enm:ketel
eng:kettledrum --> eng:drum
eng:kettledrummer --> eng:kettledrum --> eng:drum
eng:kettledrumming --> eng:kettledrum --> eng:drum
eng:kettlelike --> eng:kettle --> enm:ketel
eng:Ketu --> san:केतु
eng:ketubah --> heb:כתובה
eng:Kevorkian --> hye:Գևորգյան --> hye:Գևորգ
eng:Kew --> fro:kai
eng:key --> enm:keye
eng:keyable --> eng:key --> enm:keye
eng:keyboard --> eng:board --> enm:bord
eng:keyboardist --> eng:keyboard --> eng:board --> enm:bord
eng:keyboardless --> eng:keyboard --> eng:board --> enm:bord
eng:keyboardlike --> eng:keyboard --> eng:board --> enm:bord
eng:keychain --> eng:chain --> enm:chaine --> fro:chaine
eng:keycode --> eng:code --> fra:code --> lat:codex
eng:keyed --> eng:key --> enm:keye
eng:keyframe --> eng:frame --> enm:framen
eng:keyguard --> eng:guard
eng:keyholder --> eng:holder
eng:keyholding --> eng:holding
eng:keyholing --> eng:keyhole
eng:keykeeper --> eng:keeper --> eng:keep --> enm:kepen --> ang:cepan
eng:keyless --> eng:key --> enm:keye
eng:keylike --> eng:key --> enm:keye
eng:keylogging --> eng:key --> enm:keye
eng:keyman --> eng:key --> enm:keye
eng:keymapping --> eng:key --> enm:keye
eng:keyness --> eng:key --> enm:keye
eng:keynote --> eng:key --> enm:keye
eng:keynoter --> eng:keynote --> eng:key --> enm:keye
eng:keypad --> eng:key --> enm:keye
eng:keypath --> eng:key --> enm:keye
eng:keyphrase --> eng:key --> enm:keye
eng:keyplate --> eng:key --> enm:keye
eng:keyring --> eng:key --> enm:keye
eng:keyseat --> eng:key --> enm:keye
eng:keysender --> eng:key --> enm:keye
eng:keyset --> eng:key --> enm:keye
eng:keystream --> eng:key --> enm:keye
eng:keystroke --> eng:key --> enm:keye
eng:keytar --> eng:guitar --> spa:guitarra --> ara:قيثارة --> lat:cithara --> grc:κιθάρα
eng:keytarist --> eng:keytar --> eng:guitar --> spa:guitarra --> ara:قيثارة --> lat:cithara --> grc:κιθάρα
eng:keyword --> eng:key --> enm:keye
eng:KGB --> rus:КГБ
eng:kgosi --> tsn:kgosi
eng:kgotla --> tsn:kgotla
eng:khachapuri --> kat:ხაჭაპური
eng:khachkar --> hye:խաչքար --> hye:խաչ
eng:khaganate --> eng:khagan
eng:khaki green --> eng:green --> enm:grene --> ang:grene
eng:khan --> fas:خانه --> pal:𐭡𐭩𐭲𐭠
eng:khanate --> eng:khan --> fas:خانه --> pal:𐭡𐭩𐭲𐭠
eng:khansamah --> urd:خانسامان
eng:khat --> ara:قات
eng:Khazarian --> eng:Khazar
eng:khene --> lao:ແຄນ
eng:Kherson --> rus:Херсон
eng:Khevsureti --> kat:ხევსურეთი
eng:Khiva --> uzb:Xiva
eng:Khivan --> eng:Khiva --> uzb:Xiva
eng:Khmelnytskyi --> ukr:Хмельницький
eng:Khoresmian --> eng:Khoresm
eng:Khorezmian --> eng:Khorezm
eng:Khrushchev --> rus:Хрущёв --> rus:хрущ
eng:khud --> hin:खड्ड
eng:Khwarazmian --> eng:Khwarazm
eng:Khwarezmian --> eng:Khwarezm
eng:Khwarizmian --> eng:Khwarizm
eng:ki --> haw:ki
eng:kiang --> bod:རྐྱང
eng:kibbeh --> ara:كبة
eng:kibble --> deu:Kübel
eng:kibbutz --> heb:קיבוץ
eng:kibi- --> eng:binary --> lat:binarius --> lat:bini
eng:kibitka --> rus:кибитка --> ara:قبة
eng:kibitz --> yid:קיבעצן --> heb:קבץ
eng:Kibologist --> eng:Kibology --> eng:Kibo
eng:Kibology --> eng:Kibo
eng:kiby --> eng:kibe
eng:K'iche' --> quc:K'iche'
eng:kick --> enm:kiken
eng:kickable --> eng:kick --> enm:kiken
eng:kickaround --> eng:around --> enm:around
eng:kickback --> eng:back --> enm:bak --> ang:bæc
eng:kickingly --> eng:kicking
eng:kickline --> eng:kick --> enm:kiken
eng:kickstand --> eng:kick --> enm:kiken
eng:kickup --> eng:kick --> enm:kiken
eng:kid --> enm:kide --> non:kið
eng:kiddhoge --> gle:cuideog
eng:kiddish --> eng:kid --> enm:kide --> non:kið
eng:kiddush --> heb:קידוש‎
eng:kidfluence --> eng:influence
eng:kidhood --> eng:kid --> enm:kide --> non:kið
eng:kidless --> eng:kid --> enm:kide --> non:kið
eng:kidlike --> eng:kid --> enm:kide --> non:kið
eng:kidling --> eng:kid --> enm:kide --> non:kið
eng:kidly --> eng:kid --> enm:kide --> non:kið
eng:kidnappable --> eng:kidnap
eng:kidnappee --> eng:kidnap
eng:kidney --> enm:kednei
eng:kidneyless --> eng:kidney --> enm:kednei
eng:kidneylike --> eng:kidney --> enm:kednei
eng:kidneywort --> eng:kidney --> enm:kednei
eng:kidpic --> eng:kid --> enm:kide --> non:kið
eng:kidren --> eng:kid --> enm:kide --> non:kið
eng:kidskin --> eng:kid --> enm:kide --> non:kið
eng:kidult --> eng:adult --> fra:adulte --> lat:adultus
eng:kidulthood --> eng:kidult --> eng:adult --> fra:adulte --> lat:adultus
eng:kidvid --> eng:kid --> enm:kide --> non:kið
eng:kidz --> eng:kid --> enm:kide --> non:kið
eng:kielbasa --> pol:kiełbasa
eng:kier --> isl:ker
eng:Kierkegaardian --> eng:Kierkegaard
eng:kieselguhr --> deu:Kieselguhr
eng:kieserite --> eng:Kieser
eng:Kiev --> rus:Киев
eng:Kievan --> eng:Kiev --> rus:Киев
eng:kif --> ary:كيف
eng:kikimora --> rus:кикимора
eng:kikoi --> swa:kikoi
eng:kilij --> tur:kılıç
eng:kilim --> tur:kilim --> fas:گلیم
eng:kill --> enm:killen
eng:killable --> eng:kill --> enm:killen
eng:killbot --> eng:kill --> enm:killen
eng:killer bee --> eng:bee
eng:killing --> eng:kill --> enm:killen
eng:killingly --> eng:killing --> eng:kill --> enm:killen
eng:killjoy --> eng:joy --> enm:joye --> fro:joie --> lat:gaudia
eng:kill stealer --> eng:kill steal
eng:Kilmerian --> eng:Kilmer
eng:kiln --> enm:kilne
eng:kilnlike --> eng:kiln --> enm:kilne
eng:kilobase pair --> eng:base pair
eng:kilobaud --> eng:baud
eng:kilobit --> eng:bit
eng:kilodalton --> eng:dalton
eng:kiloelectronvolt --> eng:electronvolt
eng:kiloflop --> eng:flop
eng:kiloflops --> eng:FLOPS
eng:kilogallon --> eng:gallon --> xno:galon
eng:kilogram --> fra:kilogramme
eng:kilohertz --> eng:hertz
eng:kilojoule --> eng:joule
eng:kilolumen --> eng:lumen
eng:kilomaser --> eng:maser
eng:kilometre --> fra:kilomètre
eng:kilonewton --> eng:newton
eng:kilonova --> eng:nova
eng:kiloohm --> eng:ohm
eng:kiloroentgen --> eng:roentgen
eng:kilostere --> eng:stere --> fra:stère
eng:kilovolt --> eng:volt
eng:kilowatt --> eng:watt
eng:kilo-watt --> eng:watt
eng:kiloyear --> eng:year --> enm:yeer --> ang:gear
eng:kiltless --> eng:kilt
eng:kiltlike --> eng:kilt
eng:kiltmaker --> eng:kilt
eng:kiltmaking --> eng:kilt
eng:kimarite --> jpn:決まり手
eng:kimedashi --> jpn:''[[arm]] [[barring]] [[force]] [[out]]''
eng:kimetaoshi --> jpn:''[[arm]] [[barring]] [[force]] [[down]]''
eng:kimono --> jpn:着物
eng:kimonolike --> eng:kimono --> jpn:着物
eng:kin --> enm:kin
eng:kinboshi --> jpn:''[[gold]] [[star]]''
eng:kind --> ang:cynde
eng:kindergarchy --> eng:kinder
eng:kindergarten --> deu:Kindergarten --> deu:Garten --> goh:garto
eng:kinderwhore --> deu:Kinder
eng:kindful --> enm:kindeful
eng:kindheartedly --> eng:kindhearted
eng:kindle --> non:kynda
eng:kindless --> eng:kind --> ang:cynde
eng:kindlest --> eng:kindle --> non:kynda
eng:kindlily --> eng:kindly
eng:kindliness --> eng:kindly
eng:kindness --> eng:kind --> ang:cynde
eng:kindred --> enm:kindrede
eng:kindy --> eng:kindergarten --> deu:Kindergarten --> deu:Garten --> goh:garto
eng:kine --> enm:kyn
eng:kine-
eng:kinedom --> enm:kinedom
eng:kinemerk --> enm:kinemerk
eng:kinepock --> eng:kine --> enm:kyn
eng:kineric --> enm:kineric
eng:kinesi- --> grc:κίνησις --> grc:κινέω
eng:kinesiologist --> eng:kinesiology
eng:kinesiology
eng:kinesis --> grc:κίνησις --> grc:κινέω
eng:kinesthetically --> eng:kinesthetic
eng:kinetic --> grc:κινητικός --> grc:κινέω
eng:kinetics --> grc:κινητικός --> grc:κινέω
eng:kinetogenesis --> eng:genesis --> lat:genesis --> grc:γένεσις
eng:kinetoscope
eng:kineyerd --> enm:kyneyerd
eng:kinfolk --> eng:folk
eng:king --> enm:king
eng:kingbird --> eng:bird --> enm:brid --> ang:bridd
eng:kingbolt --> eng:bolt --> enm:bulten --> xno:buleter
eng:kingcraft --> eng:king --> enm:king
eng:kingdom --> enm:kingdom
eng:kingdomed --> eng:kingdom --> enm:kingdom
eng:kingdomless --> eng:kingdom --> enm:kingdom
eng:kingfisher --> eng:fisher --> eng:fish --> ang:fiscian
eng:kingfisherlike --> eng:kingfisher --> eng:fisher --> eng:fish --> ang:fiscian
eng:Kingian --> eng:King
eng:kingklip --> afr:kingklip --> nld:koningklipvisch
eng:kingless --> eng:king --> enm:king
eng:kinglet --> eng:king --> enm:king
eng:kinglihood --> eng:kingly --> enm:kyngly
eng:kinglike --> eng:king --> enm:king
eng:kingliness --> eng:kingly --> enm:kyngly
eng:kingling --> eng:king --> enm:king
eng:kingly --> enm:kyngly
eng:kingmaker --> eng:king --> enm:king
eng:kingmaking --> eng:king --> enm:king
eng:kingric --> enm:kingrike
eng:kingship --> eng:king --> enm:king
eng:Kingsleyan --> eng:Kingsley
eng:kink --> enm:kinken
eng:kinkajou --> fra:quincajou
eng:kinkily --> eng:kinky
eng:kinkless --> eng:kink --> enm:kinken
eng:kinkster --> eng:kink --> enm:kinken
eng:kinless --> eng:kin --> enm:kin
eng:kinlessness --> eng:kinless --> eng:kin --> enm:kin
eng:kinome --> eng:kinase
eng:kinomics --> eng:kinome --> eng:kinase
eng:kinoshitalite --> eng:Kinoshita
eng:Kinseyan --> eng:Kinsey
eng:Kinshasan --> eng:Kinshasa
eng:kinship --> eng:kin --> enm:kin
eng:kinslayer --> eng:kin --> enm:kin
eng:kinsman --> eng:kin --> enm:kin
eng:kiosk --> fra:kiosque --> ota:ﻛﻮﺸﻚ --> fas:کوشک --> pal:𐭪𐭥𐭱𐭪
eng:kiosklike --> eng:kiosk --> fra:kiosque --> ota:ﻛﻮﺸﻚ --> fas:کوشک --> pal:𐭪𐭥𐭱𐭪
eng:Kipchak --> rus:кипчак
eng:kipfel --> deu:Kipfel
eng:Kiplingesque --> eng:Kipling
eng:Kiplingian --> eng:Kipling
eng:Kiplingism --> eng:Kipling
eng:kippah --> heb:כִּפָּה
eng:kipskin --> eng:kip
eng:kipsy --> eng:kips
eng:kir --> fra:kir
eng:Kirchnerism --> eng:Kirchner
eng:Kiribati --> gil:Kiribati
eng:kirigami --> jpn:切り紙 --> jpn:切り
eng:kirikaeshi --> jpn:''[[twisting]] [[backward]] [[knee]] [[trip]]''
eng:Kirill --> grc:Κύριλλος
eng:kiriru moji --> jpn:キリル文字 --> rus:кириллица
eng:Kirishima --> jpn:霧島
eng:Kiriwinan --> eng:Kiriwina
eng:Kirkist --> eng:kirk
eng:Kirkland --> eng:kirk
eng:kirkmaister --> eng:kirk
eng:kirkman --> eng:kirk
eng:Kirkwood --> eng:kirk
eng:kirkyard --> eng:kirk
eng:Kirovohrad --> ukr:Кіровоград
eng:kirschwasser --> deu:Kirschwasser --> deu:Kirsche --> goh:chirsa --> lat:ceresia
eng:kirtled --> eng:kirtle
eng:kisaeng --> kor:기생
eng:kish --> gle:cis
eng:kiss --> ang:cyssan
eng:kissability --> eng:kissable --> eng:kiss --> ang:cyssan
eng:kissable --> eng:kiss --> ang:cyssan
eng:kissably --> eng:kissable --> eng:kiss --> ang:cyssan
eng:kissass --> eng:ass --> enm:as --> fro:as --> lat:as
eng:kiss-ass --> eng:ass --> enm:as --> fro:as --> lat:as
eng:kissathon --> eng:kiss --> ang:cyssan
eng:kissee --> eng:kiss --> ang:cyssan
eng:kissfest --> eng:kiss --> ang:cyssan
eng:kissingcrust --> eng:crust
eng:Kissingerian --> eng:Kissinger
eng:kissle --> eng:kiss --> ang:cyssan
eng:kissless --> eng:kiss --> ang:cyssan
eng:kisslike --> eng:kiss --> ang:cyssan
eng:kissogram --> eng:kiss --> ang:cyssan
eng:kissy --> eng:kiss --> ang:cyssan
eng:kitbash --> eng:bash
eng:kitchen --> enm:kitchen
eng:kitchener --> eng:kitchen --> enm:kitchen
eng:kitchenette --> eng:kitchen --> enm:kitchen
eng:kitchenful --> eng:kitchen --> enm:kitchen
eng:kitchenless --> eng:kitchen --> enm:kitchen
eng:kitchenlike --> eng:kitchen --> enm:kitchen
eng:kitchenmaid --> eng:kitchen --> enm:kitchen
eng:kitchenry --> eng:kitchen --> enm:kitchen
eng:kitchen-sinky --> eng:kitchen sink
eng:kitchenware --> eng:kitchen --> enm:kitchen
eng:kiteflying --> eng:flying --> eng:fly --> enm:flien --> ang:fleogan
eng:kiteless --> eng:kite
eng:kitelike --> eng:kite
eng:kitemaking --> eng:kite
eng:kitemark --> eng:kite
eng:kith --> enm:kith --> ang:cyþþ
eng:kitish --> eng:kite
eng:Kitler --> eng:Hitler
eng:kitless --> eng:kit
eng:kitling --> enm:kiteling --> non:ketlingr
eng:kitsch --> deu:Kitsch
eng:kitschiness --> eng:kitschy --> eng:kitsch --> deu:Kitsch
eng:kitschy --> eng:kitsch --> deu:Kitsch
eng:kitten --> enm:kiton
eng:kittenhood --> eng:kitten --> enm:kiton
eng:kittenish --> eng:kitten --> enm:kiton
eng:kittenishness --> eng:kittenish --> eng:kitten --> enm:kiton
eng:kittenlike --> eng:kitten --> enm:kiton
eng:kittle --> enm:kitelen --> ang:citelian
eng:kittysol --> spa:quitasol
eng:kiva --> hop:kíva
eng:kiwi --> mri:kiwi
eng:KKKer --> eng:KKK
eng:kkwaenggwari --> kor:꽹과리
eng:Klabautermann --> deu:Klabautermann
eng:Klaliff --> eng:Klan
eng:Klannish --> eng:Klan
eng:klansman --> eng:klan
eng:Klansman --> eng:Klan
eng:klatch --> deu:Klatsch
eng:klatsch --> deu:Klatsch
eng:klavalier --> eng:Klan
eng:Kleagle --> eng:Klan
eng:Kleinian --> eng:Klein
eng:kleptocracy
eng:kleptoparasitism --> eng:parasitism --> eng:parasite --> lat:parasitus --> grc:παράσιτος
eng:kleptophilia
eng:kleptophobia
eng:klezmer --> yid:כּלי־זמיר --> heb:כלי זמר
eng:klezmerish --> eng:klezmer --> yid:כּלי־זמיר --> heb:כלי זמר
eng:klezmerlike --> eng:klezmer --> yid:כּלי־זמיר --> heb:כלי זמר
eng:Klimtian --> eng:Klimt
eng:Klingonist --> eng:Klingon
eng:klinotaxis --> eng:taxis --> grc:τάξις --> grc:τάσσω
eng:klismaphilia --> lat:cataclysmos --> grc:κατακλυσμός
eng:klismos --> grc:κλισμός
eng:kloncilium --> eng:Klan
eng:klonvocation --> eng:Klan
eng:kloofing --> eng:kloof
eng:Kloran --> eng:Klan
eng:knaa --> ang:cnawan
eng:knacker --> non:hnak
eng:knackish --> eng:knack
eng:knacky --> eng:knack
eng:knap --> enm:knappen
eng:knave --> enm:knave --> ang:cnafa
eng:knaveproof --> eng:knave --> enm:knave --> ang:cnafa
eng:knavess --> eng:knave --> enm:knave --> ang:cnafa
eng:knavishly --> eng:knavish
eng:knavishness --> eng:knavish
eng:knawvshawl --> gle:cnáimhseáil
eng:knead --> enm:kneden --> ang:cnedan
eng:kneadable --> eng:knead --> enm:kneden --> ang:cnedan
eng:kneadingly --> eng:kneading
eng:knee --> enm:kne --> ang:cneo
eng:knee-jerk --> eng:jerk
eng:kneejoint --> eng:joint
eng:kneel --> enm:knelen
eng:kneeless --> eng:knee --> enm:kne --> ang:cneo
eng:kneelike --> eng:knee --> enm:kne --> ang:cneo
eng:kneelingly --> eng:kneeling
eng:kneepiece --> eng:knee --> enm:kne --> ang:cneo
eng:kneetop --> eng:knee --> enm:kne --> ang:cneo
eng:Knesset --> heb:כנסת
eng:knickered --> eng:knicker
eng:knickerlessness --> eng:knickerless
eng:knife --> enm:knif
eng:knifeboard --> eng:board --> enm:bord
eng:knifeless --> eng:knife --> enm:knif
eng:knifelike --> eng:knife --> enm:knif
eng:knifemaking --> eng:knife --> enm:knif
eng:knifeman --> eng:knife --> enm:knif
eng:knifesman --> eng:knife --> enm:knif
eng:knight --> enm:knight
eng:Knight --> enm:knyghte --> ang:cniht
eng:knightage --> eng:knight --> enm:knight
eng:knighthood --> enm:knighthod --> ang:cnihthad
eng:knightless --> eng:knight --> enm:knight
eng:knightlike --> eng:knight --> enm:knight
eng:knightly --> enm:knightly
eng:knit --> enm:knitten --> ang:cnyttan
eng:knitaholic --> eng:knit --> enm:knitten --> ang:cnyttan
eng:knitathon --> eng:knit --> enm:knitten --> ang:cnyttan
eng:knitback --> eng:back --> enm:bak --> ang:bæc
eng:knitster --> eng:knit --> enm:knitten --> ang:cnyttan
eng:knittable --> eng:knit --> enm:knitten --> ang:cnyttan
eng:knittest --> eng:knit --> enm:knitten --> ang:cnyttan
eng:knitwear --> eng:knit --> enm:knitten --> ang:cnyttan
eng:knitwise --> eng:knit --> enm:knitten --> ang:cnyttan
eng:knob --> enm:knobbe --> gml:knobbe
eng:knobbily --> eng:knobby
eng:knobbiness --> eng:knobby
eng:knobbliness --> eng:knobbly
eng:knobhead --> eng:head --> enm:hed
eng:knobheaded --> eng:headed --> eng:head --> enm:hed
eng:knobless --> eng:knob --> enm:knobbe --> gml:knobbe
eng:knoblike --> eng:knob --> enm:knobbe --> gml:knobbe
eng:knobstick --> eng:knob --> enm:knobbe --> gml:knobbe
eng:knobtwat --> eng:knob --> enm:knobbe --> gml:knobbe
eng:knockabout --> eng:about --> enm:about
eng:knockback --> eng:back --> enm:bak --> ang:bæc
eng:knockdown --> eng:down --> ang:dune
eng:knockerless --> eng:knocker
eng:knocketh --> eng:knock
eng:knockingly --> eng:knocking
eng:knockoff --> eng:knock
eng:knockproof --> eng:knock
eng:knockstone --> eng:knock
eng:knoll --> ang:cnoll
eng:knop --> ang:cnoppa
eng:knopped --> eng:knop --> ang:cnoppa
eng:knotberry --> eng:berry --> enm:bery
eng:knotless --> eng:knot
eng:knotlike --> eng:knot
eng:knottable --> eng:knot
eng:knottedness --> eng:knotted
eng:knottily --> eng:knotty --> eng:knot
eng:knottle --> enm:knottil
eng:knotty --> eng:knot
eng:knotweed --> eng:knot
eng:knotwort --> eng:knot
eng:know --> enm:knowen --> ang:cnawan
eng:knowableness --> eng:knowable
eng:knowbie --> eng:know --> enm:knowen --> ang:cnawan
eng:knowbot --> eng:know --> enm:knowen --> ang:cnawan
eng:knowen --> enm:knowen --> ang:cnawan
eng:knowest --> eng:know --> enm:knowen --> ang:cnawan
eng:knoweth --> eng:know --> enm:knowen --> ang:cnawan
eng:knowingly --> eng:knowing
eng:knowingness --> eng:knowing
eng:knowledge --> enm:knowleche
eng:knowledgeable --> eng:knowledge --> enm:knowleche
eng:knowledgeably --> eng:knowledgeable --> eng:knowledge --> enm:knowleche
eng:knowledgeless --> eng:knowledge --> enm:knowleche
eng:Knox --> ang:cnocc
eng:knucker --> ang:nicor
eng:knuckleheaded --> eng:knucklehead
eng:knuckleheadedness --> eng:knuckleheaded --> eng:knucklehead
eng:knucklelike --> eng:knuckle
eng:knuckly --> eng:knuckle
eng:knurl --> eng:knur
eng:koa --> haw:koa
eng:koan --> jpn:公案 --> cmn:公案
eng:koanlike --> eng:koan --> jpn:公案 --> cmn:公案
eng:Kobarid --> slv:Kobarid
eng:Kobashigawa --> jpn:小橋川
eng:Kobe --> jpn:神戸
eng:Kōbe --> jpn:神戸
eng:kobellite --> eng:Kobell
eng:kobold --> deu:Kobold
eng:kobzar --> ukr:кобзар
eng:Kochab --> ara:كوكب
eng:kochari --> hye:քոչարի --> aze:köçəri
eng:Koestlerian --> eng:Koestler
eng:kofta --> fas:کوفته --> fas:کوفتن
eng:kogal --> jpn:コギャル
eng:kohai --> jpn:後輩
eng:kohled --> eng:kohl
eng:Kohutian --> eng:Kohut
eng:koi --> jpn:鯉
eng:Koine --> grc:κοινός
eng:koinonia --> grc:κοινωνία
eng:Koizumi --> jpn:小泉
eng:koji --> jpn:麹
eng:koken --> jpn:後見
eng:kokugi --> jpn:''[[national]] [[sport]]''
eng:kokuji --> jpn:国字
eng:Kokyo --> jpn:皇居
eng:kolinsky --> rus:колонок
eng:kolkhoz --> rus:колхоз
eng:Kollywood --> eng:Hollywood
eng:Kolmogorovian --> eng:Kolmogorov
eng:komatasukui --> jpn:''[[over]] [[thigh]] [[scooping]] [[body]] [[drop]]''
eng:komatik --> ike:ᖃᒧᑎᒃ
eng:kombu --> jpn:こんぶ
eng:kombucha --> jpn:昆布茶
eng:komi --> jpn:コミ
eng:kommos --> grc:κομμός
eng:kommunalka --> rus:коммуналка
eng:Komondor --> hun:komondor
eng:Komotini --> ell:Κομοτηνή
eng:Komsomolsk --> rus:комсомол
eng:konak --> tur:konak
eng:Konglish --> eng:English
eng:Königsberg --> deu:König --> goh:kuning
eng:koniology --> grc:κονία --> grc:κόνις
eng:kontakion --> grc:κοντάκιον
eng:koodoo --> naq:kudu-b
eng:kookaburra --> wrh:gugubarra
eng:kookery --> eng:kook
eng:kookily --> eng:kooky
eng:kookish --> eng:kook
eng:kookishness --> eng:kookish --> eng:kook
eng:kooyah --> shh:kuya
eng:kopek --> rus:копейка --> rus:копьё
eng:kopis --> grc:κοπίς
eng:kopiyka --> ukr:копійка
eng:Kordofanian --> eng:Kordofan
eng:kore --> grc:κόρη
eng:Korea --> kor:고려
eng:Koreanness --> eng:Korean
eng:Koreshian --> eng:Koresh
eng:korrigan --> bre:korr
eng:Koschei --> rus:Кощей
eng:kosha --> san:कोश
eng:kosher --> yid:כּשר --> heb:כשר
eng:kosherize --> eng:kosher --> yid:כּשר --> heb:כשר
eng:koshikudake --> jpn:''[[inadvertent]] [[collapse]]''
eng:koshinage --> jpn:''[[hip]] [[throw]]''
eng:Kossack --> eng:Kos
eng:kostovite --> eng:Kostov
eng:Kota Bharu --> msa:Kota Bharu
eng:Kota Kinabalu --> msa:Kota Kinabalu
eng:kotataberry --> eng:Kotata
eng:kotatsu --> jpn:炬燵
eng:kotehineri --> jpn:''[[armlock]]ing [[twist]] [[down]]''
eng:kotenage --> jpn:''[[armlock]] [[throw]]''
eng:koto --> jpn:琴
eng:kotolike --> eng:koto --> jpn:琴
eng:koulouri --> ell:κουλούρι
eng:Kourotrophos --> grc:κουροτρόφος
eng:kovsh --> rus:ковш
eng:Kowloon --> yue:九龍
eng:kowtower --> eng:kowtow
eng:kraalhead --> eng:head --> enm:hed
eng:krai --> rus:край
eng:krait --> hin:करैत
eng:krameric --> eng:Krameria
eng:Kransky --> slv:kranjska klobasa
eng:krapfen --> deu:Krapfen --> goh:krapho
eng:krautrock --> eng:Kraut
eng:Kremlinologist --> eng:Kremlin
eng:kreplach --> yid:קרעפּלאַך
eng:kreutzer --> deu:Kreuzer
eng:kriegspiel --> deu:Kriegspiel
eng:krill --> nld:kriel
eng:Kriol --> eng:creole
eng:kris --> msa:keris
eng:Krishna --> san:कृष्ण
eng:Kristevan --> eng:Kristev
eng:kriya --> san:क्रिया
eng:Kroeberian --> eng:Kroeber
eng:krotovina --> rus:кротовина --> rus:крот
eng:Kruegeresque --> eng:Krueger
eng:krumkake --> nor:krumkake
eng:Krungthep --> tha:กรุงเทพ
eng:kruptadia --> grc:κρυπτάδια
eng:krupuk --> ind:krupuk
eng:ksar --> ara:قصر
eng:KSer --> eng:KS
eng:kshatriya --> hin:क्षत्रिय --> san:क्षत्र
eng:Ktiv Male --> heb:כתיב מלא
eng:Kuala Lumpur --> msa:Kuala Lumpur
eng:Kuala Terengganu --> msa:Kuala Terengganu
eng:Kuantan --> msa:Kuantan
eng:kubasa --> ukr:ковбаса
eng:kubihineri --> jpn:''[[head]] [[twisting]] [[throw]]''
eng:kubinage --> jpn:''[[headlock]] [[throw]]''
eng:Kubrickian --> eng:Kubrick
eng:Kubrickologist --> eng:Kubrick
eng:Kubrickology --> eng:Kubrick
eng:kuchen --> deu:Kuchen --> goh:kuocho
eng:Kuching --> msa:Kuching --> msa:kucing
eng:kudos --> grc:κῦδος
eng:kudu --> naq:kudu-b
eng:kudzu --> jpn:クズ
eng:kugel --> yid:קוגל
eng:Kuhnian --> eng:Kuhn
eng:kuiperoidal --> eng:kuiperoid
eng:kukharenkoite --> eng:Kukharenko
eng:kulcha --> pan:ਕੁਲਚਾ
eng:kulich --> rus:кулич
eng:kultur --> deu:Kultur --> lat:cultura --> lat:cultus --> lat:colo --> lat:colum
eng:kulturkampf --> deu:Kulturkampf
eng:Kulturträger --> deu:Kulturträger
eng:kummelweck --> deu:Kümmel --> lat:cuminum --> grc:κύμινον
eng:kundalini --> san:कुण्डलिनी
eng:kunsthalle --> deu:Kunsthalle
eng:Kuomintang --> cmn:國民黨
eng:kupuna --> haw:kupuna
eng:kurbash --> ara:كرباج --> tur:kırbaç
eng:kurchatovite --> eng:Kurchatov
eng:Kurdishness --> eng:Kurdish
eng:Kurdistani --> kur:kurdistanî
eng:Kureishian --> eng:Kureishi
eng:kurgan --> rus:курган
eng:Kurgan --> rus:курган
eng:Kurosawa --> jpn:黒沢
eng:kursaal --> deu:Kursaal --> deu:Kur
eng:Kurt --> deu:Kurt
eng:kurta --> hin:कुरता
eng:kurtosis --> grc:κύρτωσις --> grc:κυρτός
eng:kurus --> tur:kuruş --> deu:Groschen --> lat:grossus --> goh:groz
eng:Kush --> heb:כוש
eng:Kushite --> eng:Kush --> heb:כוש
eng:Kushitic --> eng:Kushite --> eng:Kush --> heb:כוש
eng:kut --> kor:굿
eng:Kutaisi --> kat:ქუთაისი
eng:kutcha --> hin:कच्चा
eng:Kuvasz --> hun:kuvasz
eng:Kuzbass --> rus:Кузбасс
eng:kvass --> rus:квас
eng:kvell --> yid:קװעלן
eng:kvetch --> yid:קוועטשן --> deu:Quetsche --> deu:quetschen
eng:kvetcher --> eng:kvetch --> yid:קוועטשן --> deu:Quetsche --> deu:quetschen
eng:Kwajalein --> deu:Kwajalein --> mah:Kuwajleen
eng:kwedini --> xho:kwedini
eng:kwukyel --> kor:구결
eng:ky --> enm:ky --> ang:cy
eng:kyanite --> grc:κυανός
eng:kyanization --> eng:kyanize
eng:kye --> enm:ky --> ang:cy
eng:Kyiv --> ukr:Київ --> orv:Кыевъ
eng:kykeon --> grc:κυκεών --> grc:κυκάω
eng:kyloe --> gla:gaidhealach
eng:kynureninase --> eng:kynurenine
eng:Kyoto --> jpn:京都
eng:Kyōto --> jpn:京都
eng:kytoon --> eng:balloon
eng:kyudo --> jpn:弓道
eng:kyūjitai --> jpn:旧字体 --> jpn:字体 --> jpn:字
eng:Kyushu --> jpn:九州
